issue_key,fix_version,sub_issues
TAG-6259,census-beacon-traffic.v20200423,"[{'commit_id': '262bc5670b939e02be147a1f42b14d96955b2e2b', 'commit_date': '2020-04-23T08:09:14.000-0400', 'commit_message': 'TAG-6054- Change c1 value in reduced url', 'repository': 'https://github.com/projects/CORE_CENSUS/repos/census-beaconfactlite/browse', 'sub_issue_key': 'TAG-6054'}, {'commit_id': 'd418bc57ffba6c6247623ab942be7eb3235a88c3', 'commit_date': '2020-04-23T01:32:54.000-0400', 'commit_message': 'TAG-6054 Process twitch cookie fi platform is web and set c1=23', 'repository': 'https://github.com/projects/CORE_CENSUS/repos/census-beaconfactlite/browse', 'sub_issue_key': 'TAG-6054'}, {'commit_id': '5223d5fbac59ad6d0fd73450f376c999ee1676f4', 'commit_date': '2020-04-23T08:11:30.000-0400', 'commit_message': 'TAG-6054 - removing extra imports', 'repository': 'https://github.com/projects/CORE_CENSUS/repos/census-beaconfactlite/browse', 'sub_issue_key': 'TAG-6054'}, {'commit_id': 'bc37a8576030a20f05adf7823c42c07049edcee1', 'commit_date': '2020-05-06T09:50:02.000-0400', 'commit_message': ""Merge pull request #18 in CORE_CENSUS/census-beaconfactlite from feature/TAG-6054-Cookie_Info_-_Allow_Twitch_Cookies_to_flow_through to feature/vmx-3360-c2-exclusion | * commit '5223d5fbac59ad6d0fd73450f376c999ee1676f4': |  TAG-6054 - removing extra imports |  TAG-6054- Change c1 value in reduced url |  TAG-6054 Process twitch cookie fi platform is web and set c1=23 |  TAG-6054 Cookie Info - Allow Twitch Cookies to flow through"", 'repository': 'https://github.com/projects/CORE_CENSUS/repos/census-beaconfactlite/browse', 'sub_issue_key': 'TAG-6054'}, {'commit_id': 'b2ce73aa398110608eb57458474e005965742840', 'commit_date': '2020-01-15T05:43:33.000-0500', 'commit_message': 'TAG-6054 Cookie Info - Allow Twitch Cookies to flow through', 'repository': 'https://github.com/projects/CORE_CENSUS/repos/census-beaconfactlite/browse', 'sub_issue_key': 'TAG-6054'}]"
TAG-6256,sessionization.1.0.2,[{}]
TAG-6251,,[{}]
TAG-6249,,[{}]
TAG-6206,,[{}]
TAG-6172,Darwin 6.3.0.200320,"[{'commit_id': '3c616357c697fcdefff497075dba3a756f95235b', 'commit_date': '2020-03-20T07:59:33.000-0400', 'commit_message': ""Merge branch 'TAG-6173'"", 'repository': 'https://github.com/projects/PM/repos/tag-imp-doc-library-darwin/browse', 'sub_issue_key': 'TAG-6173'}, {'commit_id': '6d824e2cf9e88e3c6cb2a34f664f86a2ab5b346c', 'commit_date': '2020-03-20T06:56:45.000-0400', 'commit_message': ""Merge pull request #334 in TAG/darwin-tag from bugfix/TAG-6171-correct-streaminganalytics-content to develop | * commit '1c2491355139f06fb458769d1bd79f84322db1d6': |  Fixes enum entry names."", 'repository': 'https://github.com/projects/TAG/repos/darwin-tag/browse', 'sub_issue_key': 'TAG-6171'}]"
TAG-6154,,[{}]
TAG-6151,Roku C++ 2.1.0.200316,"[{'commit_id': '1d549768001ec2be256c4822c3a7c6ebe9d5f101', 'commit_date': '2020-02-21T09:21:50.000-0500', 'commit_message': ""Merge pull request #18 in TAG/roku-native-tag from bugfix/TAG-6104-update-internal-ns_ak-naming-references to master | * commit '1934e2c5aae94d43da51f7b1829167e62f993a09': |  Updates Cross-Publisher Unique device Id references."", 'repository': 'https://github.com/projects/TAG/repos/roku-native-tag/browse', 'sub_issue_key': 'TAG-6104'}]"
TAG-6150,Darwin 6.3.0.200309,"[{'commit_id': '022b66bf70779eef81bc5b431e8af2c903cc59e8', 'commit_date': '2020-03-09T05:52:08.000-0400', 'commit_message': ""Merge pull request #332 in TAG/darwin-tag from feature/TAG-6122-add-new-content-media-format-value to develop | * commit '374b29d36b526b924d306bc15744e3dc35a2dc0d': |  Adds new enum entries."", 'repository': 'https://github.com/projects/TAG/repos/darwin-tag/browse', 'sub_issue_key': 'TAG-6122'}, {'commit_id': 'f0ac857cd85ea4cf52310d1e4c9c8382d2ee08fa', 'commit_date': '2020-02-20T09:51:05.000-0500', 'commit_message': ""Merge pull request #331 in TAG/darwin-tag from bugfix/TAG-6079-update-ns_ak-naming-references-in to develop | * commit 'f2a91516e0097b28e2a7598ac25db4a539c801dc': |  Update. ns_ak references."", 'repository': 'https://github.com/projects/TAG/repos/darwin-tag/browse', 'sub_issue_key': 'TAG-6079'}, {'commit_id': '12f173c169e75e8e30036a56adb2e7322c318c4b', 'commit_date': '2020-02-21T09:22:39.000-0500', 'commit_message': ""Merge pull request #330 in TAG/darwin-tag from bugfix/TAG-6060-reintroduce-swizzling-configuration to develop | * commit 'e19e91f7c14ab7a9811b3dcbfe709529919bd797': |  Transmits swizzling-for-vce in ns_ap_cfg."", 'repository': 'https://github.com/projects/TAG/repos/darwin-tag/browse', 'sub_issue_key': 'TAG-6060'}]"
TAG-6149,Android 6.3.0.200311,"[{'commit_id': 'bf0e3cfd93dfad5731d60349493f98179f7b4995', 'commit_date': '2020-03-09T05:50:34.000-0400', 'commit_message': ""Merge pull request #107 in TAG/cpp-analytics-java-common from feature/TAG-6121-add-new-content-media-format-value to develop | * commit '0c8a5cb5daa16c9e0543e0ed70f2c531658a00d4': |  Adds extra enums."", 'repository': 'https://github.com/projects/TAG/repos/cpp-analytics-java-common/browse', 'sub_issue_key': 'TAG-6121'}, {'commit_id': 'f45dc6820f5c77a5444c5ff002e0080d0992420b', 'commit_date': '2020-03-11T12:33:57.000-0400', 'commit_message': ""Merge pull request #254 in TAG/android-tag from feature/TAG-5680-update-c-tool-chain-to-have-minimum to develop | * commit '610b918fe624d4ccb6a08122fb7e4c460c3066fe': |  Updates minSdkVersion from 16 to 21 but keeps NDK."", 'repository': 'https://github.com/projects/TAG/repos/android-tag/browse', 'sub_issue_key': 'TAG-5680'}]"
TAG-6148,JavaScript 7.3.0.200309,"[{'commit_id': '4dd69b9b44839ddf5ca55f0c61336417cb924846', 'commit_date': '2020-03-09T05:49:50.000-0400', 'commit_message': ""Merge pull request #227 in TAG/javascript-tag from feature/TAG-6119-add-new-content-media-format-value to develop | * commit 'ee17175743160dad9d081a5fcecf05470e0070c4': |  Updates BaseContentMetadata#ContentMediaFormat. Updates whitelist."", 'repository': 'https://github.com/projects/TAG/repos/javascript-tag/browse', 'sub_issue_key': 'TAG-6119'}, {'commit_id': '2bd97e2892d8eb2be8268475a421982af77e7180', 'commit_date': '2020-03-09T05:53:48.000-0400', 'commit_message': ""Merge pull request #228 in TAG/javascript-tag from feature/TAG-6114-add-event-independent-re-buffer to develop | * commit '563a3a21eca93fb8bee7065ad5e83ca17e93f35b': |  Updates MLO. Updates model version to 6.2 |  Adds ns_st_ibc label."", 'repository': 'https://github.com/projects/TAG/repos/javascript-tag/browse', 'sub_issue_key': 'TAG-6114'}, {'commit_id': 'b817f840d35f31624ca9b8c38c54528e743dcfa5', 'commit_date': '2020-03-09T05:56:28.000-0400', 'commit_message': ""Merge pull request #229 in TAG/javascript-tag from feature/TAG-6088-collect-default-c12-value-in-measurements to develop | * commit '6f342411a8d751b5870c81149969956a043585c4': |  Adds `overrideCollectedC12Value` and `defaultC12OverrideValue` to the PlatformApi."", 'repository': 'https://github.com/projects/TAG/repos/javascript-tag/browse', 'sub_issue_key': 'TAG-6088'}, {'commit_id': 'a5397a33236b3e6a8dde7c2da78bff335da17a22', 'commit_date': '2020-02-13T09:33:37.000-0500', 'commit_message': ""Merge pull request #225 in TAG/javascript-tag from bugfix/TAG-6064-customized-system-clock-jump-detection to develop | * commit '5d44b80a044fddba8a34add1ec6335fabeebd2a0': |  Fixes setters precision in the system clock jump settings."", 'repository': 'https://github.com/projects/TAG/repos/javascript-tag/browse', 'sub_issue_key': 'TAG-6064'}]"
TAG-6147,C++ Shared 2.3.0.200309,"[{'commit_id': 'ff2837751e055ba2cc5d5b47ed331d78392a3fb0', 'commit_date': '2020-03-09T05:51:24.000-0400', 'commit_message': ""Merge pull request #358 in TAG/cpp-analytics-common from feature/TAG-6120-add-new-content-media-format-value to develop | * commit 'de2374ffee0580e3301589c646ee4f90fa2ad9b9': |  Adds extra enums."", 'repository': 'https://github.com/projects/TAG/repos/cpp-analytics-common/browse', 'sub_issue_key': 'TAG-6120'}, {'commit_id': 'c4832ece62d1d829ac81d6749103933bd80f41d7', 'commit_date': '2020-03-09T05:54:53.000-0400', 'commit_message': ""Merge pull request #359 in TAG/cpp-analytics-common from feature/TAG-6115-add-event-independent-re-buffer to develop | * commit '48372acd2a2f9f91f220e6d06f2e7043449cfbea': |  Adds ns_st_ibc label. |  Updates model version to 6.2. |  Updates MLO."", 'repository': 'https://github.com/projects/TAG/repos/cpp-analytics-common/browse', 'sub_issue_key': 'TAG-6115'}, {'commit_id': '436993ef794d73f9c835bee47c65685bd065a3b6', 'commit_date': '2020-02-21T09:20:29.000-0500', 'commit_message': ""Merge pull request #106 in TAG/cpp-analytics-java-common from bugfix/TAG-6074-update-ns_ak-naming-references-in to develop | * commit 'af78b5b87ca0bd49c7c0b0e6729fb2bd6cd48964': |  More renames |  Renames CPUDID references."", 'repository': 'https://github.com/projects/TAG/repos/cpp-analytics-java-common/browse', 'sub_issue_key': 'TAG-6074'}, {'commit_id': '3db6246da4acbca57559f6813fce11425ffc87b9', 'commit_date': '2020-02-20T10:28:24.000-0500', 'commit_message': ""Merge pull request #357 in TAG/cpp-analytics-common from bugfix/TAG-6074-update-ns_ak-naming-references-in to develop | * commit '8d8dccf1416ee40960b4d841375bc58baa57c140': |  Updates the template accordingly. |  Rolls back Event data-container class changes. |  Even more renames! |  More renames! |  Refactor internal cpudid references. |  Renames internal CPUDI classes."", 'repository': 'https://github.com/projects/TAG/repos/cpp-analytics-common/browse', 'sub_issue_key': 'TAG-6074'}, {'commit_id': 'ff9a3d61ee9950023e3f9c0457e70e4873fd2de7', 'commit_date': '2020-02-20T09:52:52.000-0500', 'commit_message': ""Merge pull request #253 in TAG/android-tag from bugfix/TAG-6074-update-ns_ak-naming-references-in to develop | * commit '456a8dbc7d6a9a873e2b728f9f4b84fa9cee8911': |  Updates CPUDId references."", 'repository': 'https://github.com/projects/TAG/repos/android-tag/browse', 'sub_issue_key': 'TAG-6074'}, {'commit_id': '4ad0776a12cd29600f5b9f143f91bd1e19b707e1', 'commit_date': '2020-02-17T09:10:32.000-0500', 'commit_message': ""Merge pull request #356 in TAG/cpp-analytics-common from bugfix/TAG-6062-system-clock-jump-components-in to develop | * commit 'cd6eff2f9c1925f2b641b9ca2f7d85089fbe64a8': |  Fixes lock. |  Reimplements input sanitation checks as defined in #TAG-6065 |  Ensures certain settings are thread safe. |  Fixes system clock jump detection not being address in the copy constructor."", 'repository': 'https://github.com/projects/TAG/repos/cpp-analytics-common/browse', 'sub_issue_key': 'TAG-6065'}, {'commit_id': '4d704e666a1e1e66361cbc07fa29b06d1b8f39c7', 'commit_date': '2020-02-17T08:32:46.000-0500', 'commit_message': 'Reimplements input sanitation checks as defined in #TAG-6065', 'repository': 'https://github.com/projects/TAG/repos/cpp-analytics-common/browse', 'sub_issue_key': 'TAG-6065'}, {'commit_id': '4ad0776a12cd29600f5b9f143f91bd1e19b707e1', 'commit_date': '2020-02-17T09:10:32.000-0500', 'commit_message': ""Merge pull request #356 in TAG/cpp-analytics-common from bugfix/TAG-6062-system-clock-jump-components-in to develop | * commit 'cd6eff2f9c1925f2b641b9ca2f7d85089fbe64a8': |  Fixes lock. |  Reimplements input sanitation checks as defined in #TAG-6065 |  Ensures certain settings are thread safe. |  Fixes system clock jump detection not being address in the copy constructor."", 'repository': 'https://github.com/projects/TAG/repos/cpp-analytics-common/browse', 'sub_issue_key': 'TAG-6062'}]"
DIGUI-16184,May 05 2020,"[{'commit_id': '2922f372f867315b4de1e6b9acd4f339ffc87df3', 'commit_date': '2020-05-04T17:07:42.000-0400', 'commit_message': ""Merge pull request #4292 in MMX/suite from hotfix/DIGUI-16166 to master | * commit 'cef152895fcfb6caf7d73e777ae4cda278ddc923': |  cleaning code |  DIGUI-16166: change on measure type labels"", 'repository': 'https://github.com/projects/MMX/repos/suite/browse', 'sub_issue_key': 'DIGUI-16166'}, {'commit_id': '6e1c086dd5653604c0fb5832731d35ee3e86e436', 'commit_date': '2020-04-30T18:05:45.000-0400', 'commit_message': 'DIGUI-16166: change on measure type labels', 'repository': 'https://github.com/projects/MMX/repos/suite/browse', 'sub_issue_key': 'DIGUI-16166'}, {'commit_id': 'ce31489b0cc56c06d1d93b21191e67dd84b4df61', 'commit_date': '2020-05-05T15:43:43.000-0400', 'commit_message': ""Merge pull request #122 in DMD/mymetrix from feature/DIGUI-16097 to master | * commit '7f4b7be814f30c400f3db22e0ff467ea1e808a61': |  Adding the script to delete the geos from RF MP"", 'repository': 'https://github.com/projects/DMD/repos/mymetrix/browse', 'sub_issue_key': 'DIGUI-16097'}, {'commit_id': '50805c22a3ab67b1f8fb68aef90a2a46f84c9e8d', 'commit_date': '2020-04-06T16:34:55.000-0400', 'commit_message': 'DIGUI-16012 add new column apply_all_months and update the function to data alert include the new column on the result', 'repository': 'https://github.com/projects/MMX/repos/suite/browse', 'sub_issue_key': 'DIGUI-16012'}, {'commit_id': 'ab405a68cab7149d3f1d2929c0f88d0644a0aed3', 'commit_date': '2020-04-22T17:01:06.000-0400', 'commit_message': 'DIGUI-16012 - Update according to PR comments', 'repository': 'https://github.com/projects/MMX/repos/suite/browse', 'sub_issue_key': 'DIGUI-16012'}, {'commit_id': '24dbb692baaff1261249a6ac62955e906f696cf0', 'commit_date': '2020-04-21T16:23:11.000-0400', 'commit_message': 'DIGUI-16012: remove a duplicate method LoadDataAlert', 'repository': 'https://github.com/projects/MMX/repos/suite/browse', 'sub_issue_key': 'DIGUI-16012'}, {'commit_id': 'a3d8359aa9838f0261064c36b065982be6af5233', 'commit_date': '2020-05-04T17:07:28.000-0400', 'commit_message': ""Merge pull request #4293 in MMX/suite from release/v.1.2020.0505.1 to master | * commit 'a8d27616aec236887e9964284cb82b614cf7b8f5': |  DIGUI-16012 up template |  DIGUI-16012 Update the Data Update report templete for All Months |  DIGUI-16012 - Update according to PR comments |  DIGUI-16012: remove a duplicate method LoadDataAlert |  DIGUI-16012 Add the data alert icon on Total Internet and Unduplicated row for Cross Visiting and Aud Duplication reports. Checked that Entity status updated |  DIGUI-16012 Data Alert - Update the Add/Edit a data alert and add the logic on chk All Months |  DIGUI-16012 add new column apply_all_months and update the function to data alert include the new column on the result |  DIGUI-16012 add new column apply_all_months and update the function to data alert include the new column on the result"", 'repository': 'https://github.com/projects/MMX/repos/suite/browse', 'sub_issue_key': 'DIGUI-16012'}, {'commit_id': '37b4199f8b1341c4a1e2a2d963cd5e73ef89aa2f', 'commit_date': '2020-04-29T17:13:51.000-0400', 'commit_message': 'DIGUI-16012 Update the Data Update report templete for All Months', 'repository': 'https://github.com/projects/MMX/repos/suite/browse', 'sub_issue_key': 'DIGUI-16012'}, {'commit_id': 'ef04842946f05997d2b256a43d24b5f80e4eda36', 'commit_date': '2020-04-15T13:10:22.000-0400', 'commit_message': 'DIGUI-16012 Data Alert - Update the Add/Edit a data alert and add the logic on chk All Months', 'repository': 'https://github.com/projects/MMX/repos/suite/browse', 'sub_issue_key': 'DIGUI-16012'}, {'commit_id': 'a8d27616aec236887e9964284cb82b614cf7b8f5', 'commit_date': '2020-04-30T15:14:38.000-0400', 'commit_message': ""Merge pull request #4288 in MMX/suite from feature/DIGUI-16012 to develop | * commit '1dade3247a36c2306242ba26d824a30651841578': |  DIGUI-16012 up template |  DIGUI-16012 Update the Data Update report templete for All Months |  DIGUI-16012 - Update according to PR comments |  DIGUI-16012: remove a duplicate method LoadDataAlert |  DIGUI-16012 Add the data alert icon on Total Internet and Unduplicated row for Cross Visiting and Aud Duplication reports. Checked that Entity status updated |  DIGUI-16012 Data Alert - Update the Add/Edit a data alert and add the logic on chk All Months |  DIGUI-16012 add new column apply_all_months and update the function to data alert include the new column on the result |  DIGUI-16012 add new column apply_all_months and update the function to data alert include the new column on the result"", 'repository': 'https://github.com/projects/MMX/repos/suite/browse', 'sub_issue_key': 'DIGUI-16012'}, {'commit_id': '1dade3247a36c2306242ba26d824a30651841578', 'commit_date': '2020-04-30T15:04:27.000-0400', 'commit_message': 'DIGUI-16012 up template', 'repository': 'https://github.com/projects/MMX/repos/suite/browse', 'sub_issue_key': 'DIGUI-16012'}, {'commit_id': 'b4038b5fa31e6133bafbfc1b9239f4b11a48b008', 'commit_date': '2020-04-21T11:08:33.000-0400', 'commit_message': 'DIGUI-16012 Add the data alert icon on Total Internet and Unduplicated row for Cross Visiting and Aud Duplication reports. Checked that Entity status updated', 'repository': 'https://github.com/projects/MMX/repos/suite/browse', 'sub_issue_key': 'DIGUI-16012'}, {'commit_id': 'f19cbd8701e1d4e16f5a9d682c23a3373a2781a0', 'commit_date': '2020-04-06T16:41:30.000-0400', 'commit_message': 'DIGUI-16012 add new column apply_all_months and update the function to data alert include the new column on the result', 'repository': 'https://github.com/projects/MMX/repos/suite/browse', 'sub_issue_key': 'DIGUI-16012'}]"
DIGUI-16146,MMX Explore Apr 21 2020,"[{'commit_id': 'dbc2712517cb0850326adff08da6ad15a0b05674', 'commit_date': '2020-04-21T11:24:52.000-0400', 'commit_message': ""Merge pull request #868 in AS/mmxexplore from master to PRD | * commit 'b8eef63836c946c5af162de811afb66aa8af5d37': |  DIGUI-16000 and DIGUI-16006 - Apply changes needed for both tickets"", 'repository': 'https://github.com/projects/AS/repos/mmxexplore/browse', 'sub_issue_key': 'DIGUI-16006'}, {'commit_id': 'b8eef63836c946c5af162de811afb66aa8af5d37', 'commit_date': '2020-04-21T10:32:20.000-0400', 'commit_message': ""Merge pull request #867 in AS/mmxexplore from feature/DIGUI-16000 to master | * commit '80d0de6a1dfd278f461a3661b32bc94cc7675f08': |  DIGUI-16000 and DIGUI-16006 - Apply changes needed for both tickets"", 'repository': 'https://github.com/projects/AS/repos/mmxexplore/browse', 'sub_issue_key': 'DIGUI-16006'}, {'commit_id': '80d0de6a1dfd278f461a3661b32bc94cc7675f08', 'commit_date': '2020-04-15T19:12:41.000-0400', 'commit_message': 'DIGUI-16000 and DIGUI-16006 - Apply changes needed for both tickets', 'repository': 'https://github.com/projects/AS/repos/mmxexplore/browse', 'sub_issue_key': 'DIGUI-16006'}, {'commit_id': 'bc6db3aa473f48cef99d78a24ac193c22d9d4800', 'commit_date': '2020-03-31T09:21:25.000-0400', 'commit_message': 'DIGUI-15797, DIGUI-16006, DIGUI-16000 - dataservice_report_lookup, WebAuthorization.cs', 'repository': 'https://github.com/projects/AS/repos/mmxexplore/browse', 'sub_issue_key': 'DIGUI-16006'}, {'commit_id': 'dbc2712517cb0850326adff08da6ad15a0b05674', 'commit_date': '2020-04-21T11:24:52.000-0400', 'commit_message': ""Merge pull request #868 in AS/mmxexplore from master to PRD | * commit 'b8eef63836c946c5af162de811afb66aa8af5d37': |  DIGUI-16000 and DIGUI-16006 - Apply changes needed for both tickets"", 'repository': 'https://github.com/projects/AS/repos/mmxexplore/browse', 'sub_issue_key': 'DIGUI-16000'}, {'commit_id': 'b8eef63836c946c5af162de811afb66aa8af5d37', 'commit_date': '2020-04-21T10:32:20.000-0400', 'commit_message': ""Merge pull request #867 in AS/mmxexplore from feature/DIGUI-16000 to master | * commit '80d0de6a1dfd278f461a3661b32bc94cc7675f08': |  DIGUI-16000 and DIGUI-16006 - Apply changes needed for both tickets"", 'repository': 'https://github.com/projects/AS/repos/mmxexplore/browse', 'sub_issue_key': 'DIGUI-16000'}, {'commit_id': '80d0de6a1dfd278f461a3661b32bc94cc7675f08', 'commit_date': '2020-04-15T19:12:41.000-0400', 'commit_message': 'DIGUI-16000 and DIGUI-16006 - Apply changes needed for both tickets', 'repository': 'https://github.com/projects/AS/repos/mmxexplore/browse', 'sub_issue_key': 'DIGUI-16000'}, {'commit_id': 'bc6db3aa473f48cef99d78a24ac193c22d9d4800', 'commit_date': '2020-03-31T09:21:25.000-0400', 'commit_message': 'DIGUI-15797, DIGUI-16006, DIGUI-16000 - dataservice_report_lookup, WebAuthorization.cs', 'repository': 'https://github.com/projects/AS/repos/mmxexplore/browse', 'sub_issue_key': 'DIGUI-16000'}]"
DIGUI-16145,Apr 21 2020,"[{'commit_id': '71d02218805d449fec548bd5d865a4e80488310c', 'commit_date': '2020-04-21T16:05:28.000-0400', 'commit_message': ""Merge pull request #119 in DMD/mymetrix from feature/DIGUI-15992 to master | * commit '720fc20591263471818a47e8cb7fc95fdc689dc1': |  Issue found in CA cube, one of the coeffitions was wrong |  Changing the effective month id to 243 (March 2020) |  change on coefficients (effective date for testing)"", 'repository': 'https://github.com/projects/DMD/repos/mymetrix/browse', 'sub_issue_key': 'DIGUI-15992'}, {'commit_id': 'a9ca4cad37b4fd43f079dde0ef812f0963bee51c', 'commit_date': '2020-04-22T11:21:56.000-0400', 'commit_message': ""Merge pull request #121 in DMD/mymetrix from DIGUI-15892 to master | * commit '14da7d34c925c5b15c7e300f939f500207fe9d06': |  Adjusting alt rollups for MMX"", 'repository': 'https://github.com/projects/DMD/repos/mymetrix/browse', 'sub_issue_key': 'DIGUI-15892'}, {'commit_id': '92a1ed008a79eaf340dfb808611f6d6d9dcb1848', 'commit_date': '2020-03-10T10:23:59.000-0400', 'commit_message': 'DIGUI-15890 Add parameter Mobile_Video_Platform_Total_Digital_Video', 'repository': 'https://github.com/projects/MMX/repos/suite/browse', 'sub_issue_key': 'DIGUI-15890'}, {'commit_id': 'b7862752e4aaa7dce974be6244f5cce71f0d10ef', 'commit_date': '2020-04-02T09:40:33.000-0400', 'commit_message': 'DIGUI-15890 update the target according to DIGUI-15886', 'repository': 'https://github.com/projects/MMX/repos/suite/browse', 'sub_issue_key': 'DIGUI-15890'}, {'commit_id': '7983bb0c46491335621b898a3cdf09a33a4668c6', 'commit_date': '2020-04-01T16:45:29.000-0400', 'commit_message': 'DIGUI-15890 fixed comments', 'repository': 'https://github.com/projects/MMX/repos/suite/browse', 'sub_issue_key': 'DIGUI-15890'}, {'commit_id': '38bda68901958d888715b020497395d7dfcb970f', 'commit_date': '2020-04-01T14:38:02.000-0400', 'commit_message': 'DIGUI-15890 fixed name on sp', 'repository': 'https://github.com/projects/MMX/repos/suite/browse', 'sub_issue_key': 'DIGUI-15890'}, {'commit_id': '2a15bad89607e485eb42c258f2bdb8d84f7ac47d', 'commit_date': '2020-04-22T15:28:23.000-0400', 'commit_message': ""Merge pull request #4290 in MMX/suite from master to develop | * commit 'd3339838e20c1de6d9137e3ab8754eef19bd0c02': |  Scripts Cleanup |  DIGUI-15890 fixed custom target |  DIGUI-15890 update the target according to DIGUI-15886 |  DIGUI-15890 fixed comments |  DIGUI-15890 update the row in the table with restriction to advance |  DIGUI-15890 fixed name on sp |  DIGUI-15890 Add the logic for advance tab |  DIGUI-15890 Change the parameter |  DIGUI-15890 Add parameter Mobile_Video_Platform_Total_Digital_Video |  DIGUI-15890 Change the restriction only for TDP"", 'repository': 'https://github.com/projects/MMX/repos/suite/browse', 'sub_issue_key': 'DIGUI-15890'}, {'commit_id': '9b29529fe20c253ab9a1a526412d87f909f926d0', 'commit_date': '2020-03-10T08:55:50.000-0400', 'commit_message': 'DIGUI-15890 Change the restriction only for TDP', 'repository': 'https://github.com/projects/MMX/repos/suite/browse', 'sub_issue_key': 'DIGUI-15890'}, {'commit_id': 'f40d0d8a7f9bd9533308d564c15c645aa06db5b9', 'commit_date': '2020-04-20T10:10:29.000-0400', 'commit_message': ""Merge pull request #4265 in MMX/suite from hotfix/DIGUI-15890 to master | * commit '74527d1ae6bd368b3eef1d02e82afcaaaa3a827d': |  DIGUI-15890 fixed custom target |  DIGUI-15890 update the target according to DIGUI-15886 |  DIGUI-15890 fixed comments |  DIGUI-15890 update the row in the table with restriction to advance |  DIGUI-15890 fixed name on sp |  DIGUI-15890 Add the logic for advance tab |  DIGUI-15890 Change the parameter |  DIGUI-15890 Add parameter Mobile_Video_Platform_Total_Digital_Video |  DIGUI-15890 Change the restriction only for TDP"", 'repository': 'https://github.com/projects/MMX/repos/suite/browse', 'sub_issue_key': 'DIGUI-15890'}, {'commit_id': 'fe945f773a01d3720d5259bdcb581c606ac8b3fe', 'commit_date': '2020-03-10T13:12:33.000-0400', 'commit_message': 'DIGUI-15890 Change the parameter', 'repository': 'https://github.com/projects/MMX/repos/suite/browse', 'sub_issue_key': 'DIGUI-15890'}, {'commit_id': 'b9d9977deb08804c6ea3103f9f3c7626827d88fc', 'commit_date': '2020-04-01T13:54:40.000-0400', 'commit_message': 'DIGUI-15890 Add the logic for advance tab', 'repository': 'https://github.com/projects/MMX/repos/suite/browse', 'sub_issue_key': 'DIGUI-15890'}, {'commit_id': '1e5c454f4a6083b792f9b3e711652c828c6844ab', 'commit_date': '2020-04-01T15:39:46.000-0400', 'commit_message': 'DIGUI-15890 update the row in the table with restriction to advance', 'repository': 'https://github.com/projects/MMX/repos/suite/browse', 'sub_issue_key': 'DIGUI-15890'}, {'commit_id': '74527d1ae6bd368b3eef1d02e82afcaaaa3a827d', 'commit_date': '2020-04-02T10:35:31.000-0400', 'commit_message': 'DIGUI-15890 fixed custom target', 'repository': 'https://github.com/projects/MMX/repos/suite/browse', 'sub_issue_key': 'DIGUI-15890'}, {'commit_id': '2a15bad89607e485eb42c258f2bdb8d84f7ac47d', 'commit_date': '2020-04-22T15:28:23.000-0400', 'commit_message': ""Merge pull request #4290 in MMX/suite from master to develop | * commit 'd3339838e20c1de6d9137e3ab8754eef19bd0c02': |  Scripts Cleanup |  DIGUI-15890 fixed custom target |  DIGUI-15890 update the target according to DIGUI-15886 |  DIGUI-15890 fixed comments |  DIGUI-15890 update the row in the table with restriction to advance |  DIGUI-15890 fixed name on sp |  DIGUI-15890 Add the logic for advance tab |  DIGUI-15890 Change the parameter |  DIGUI-15890 Add parameter Mobile_Video_Platform_Total_Digital_Video |  DIGUI-15890 Change the restriction only for TDP"", 'repository': 'https://github.com/projects/MMX/repos/suite/browse', 'sub_issue_key': 'DIGUI-15886'}, {'commit_id': 'f40d0d8a7f9bd9533308d564c15c645aa06db5b9', 'commit_date': '2020-04-20T10:10:29.000-0400', 'commit_message': ""Merge pull request #4265 in MMX/suite from hotfix/DIGUI-15890 to master | * commit '74527d1ae6bd368b3eef1d02e82afcaaaa3a827d': |  DIGUI-15890 fixed custom target |  DIGUI-15890 update the target according to DIGUI-15886 |  DIGUI-15890 fixed comments |  DIGUI-15890 update the row in the table with restriction to advance |  DIGUI-15890 fixed name on sp |  DIGUI-15890 Add the logic for advance tab |  DIGUI-15890 Change the parameter |  DIGUI-15890 Add parameter Mobile_Video_Platform_Total_Digital_Video |  DIGUI-15890 Change the restriction only for TDP"", 'repository': 'https://github.com/projects/MMX/repos/suite/browse', 'sub_issue_key': 'DIGUI-15886'}, {'commit_id': 'b7862752e4aaa7dce974be6244f5cce71f0d10ef', 'commit_date': '2020-04-02T09:40:33.000-0400', 'commit_message': 'DIGUI-15890 update the target according to DIGUI-15886', 'repository': 'https://github.com/projects/MMX/repos/suite/browse', 'sub_issue_key': 'DIGUI-15886'}, {'commit_id': '0c0ebd01707aff9859acf1629c1e1257d650c21f', 'commit_date': '2020-04-17T13:52:10.000-0400', 'commit_message': ""Merge pull request #4280 in MMX/suite from feature/DIGUI-15496 to develop | * commit '8cb3e2e06553dce828ccba1be7b46bd750686beb': |  Fix var name used |  Fix validation required by Ashwath |  Update logic to show Mobile App filter and update ShowOnlyMobileApps constant name per Ahswath comment |  Add filter by mobile app to Data Alerts |  Fix issue calling get_media_list_time_subset SP from other SPs |  add default value to mobile app filter |  SPs modification by datamart team |  Add mobile apps filter sql scripts and validations |  Add Mobile App Filter"", 'repository': 'https://github.com/projects/MMX/repos/suite/browse', 'sub_issue_key': 'DIGUI-15496'}, {'commit_id': 'bd4d4d643d40fe306cceaa401457e8d7cd3adb40', 'commit_date': '2020-04-14T15:18:11.000-0400', 'commit_message': ""Merge branch 'develop' into feature/DIGUI-15496"", 'repository': 'https://github.com/projects/MMX/repos/suite/browse', 'sub_issue_key': 'DIGUI-15496'}, {'commit_id': 'bc5a04a2dff5c8dcaec38a57bca383392d8046ba', 'commit_date': '2020-03-27T17:18:57.000-0400', 'commit_message': ""Merge branch 'develop' into feature/DIGUI-15496"", 'repository': 'https://github.com/projects/MMX/repos/suite/browse', 'sub_issue_key': 'DIGUI-15496'}, {'commit_id': '869107b78d615c6bde96e8a255844d5b163d596f', 'commit_date': '2020-03-26T11:19:59.000-0400', 'commit_message': ""Merge branch 'develop' into feature/DIGUI-15496"", 'repository': 'https://github.com/projects/MMX/repos/suite/browse', 'sub_issue_key': 'DIGUI-15496'}]"
DIGUI-16100,Apr 08 2020,"[{'commit_id': '936a743f4ebf232b09c22bada32c6b4d5fcf86f2', 'commit_date': '2020-04-13T10:19:35.000-0400', 'commit_message': ""Merge pull request #4284 in MMX/suite from master to develop | * commit '05b9a1afad8c7366a4cf8012461b8510558881e9': |  Script cleanup |  DIGUI-15991 add total audience id as a valid category |  DIGUI-15991 add validation for target in column, target in row and base audience when the report is Mobilens |  DIGUI-15756 Fixed issue when select only invalid targets. Fixed doesn't update the count of the selected standard targets on Left Navigation |  DIGUI-15756 add a condition on the stored procedure |  DIGUI-15756 correction the comments |  DIGUI-15756 Add validation for parent audience exits"", 'repository': 'https://github.com/projects/MMX/repos/suite/browse', 'sub_issue_key': 'DIGUI-15991'}, {'commit_id': '4e67ad195ab830028d338f46b1de350a9b97ed3a', 'commit_date': '2020-04-07T20:07:19.000-0400', 'commit_message': ""Merge pull request #4271 in MMX/suite from hotfix/DIGUI-15991 to master | * commit '75929608bd71bd255a552f18473d6ca8929f3d94': |  DIGUI-15991 add total audience id as a valid category |  DIGUI-15991 add validation for target in column, target in row and base audience when the report is Mobilens"", 'repository': 'https://github.com/projects/MMX/repos/suite/browse', 'sub_issue_key': 'DIGUI-15991'}, {'commit_id': '75929608bd71bd255a552f18473d6ca8929f3d94', 'commit_date': '2020-04-01T11:56:34.000-0400', 'commit_message': 'DIGUI-15991 add total audience id as a valid category', 'repository': 'https://github.com/projects/MMX/repos/suite/browse', 'sub_issue_key': 'DIGUI-15991'}, {'commit_id': '890fe98c9565e7430e83ff75a7944410062b182e', 'commit_date': '2020-03-17T11:38:17.000-0400', 'commit_message': 'DIGUI-15991 add validation for target in column, target in row and base audience when the report is Mobilens', 'repository': 'https://github.com/projects/MMX/repos/suite/browse', 'sub_issue_key': 'DIGUI-15991'}, {'commit_id': 'ba2fd35a7241ad531dd6efe3736b2043b1b0e14e', 'commit_date': '2020-03-12T10:14:17.000-0400', 'commit_message': 'DIGUI-15834 delete a comment', 'repository': 'https://github.com/projects/MMX/repos/suite/browse', 'sub_issue_key': 'DIGUI-15834'}, {'commit_id': 'ca838c0f68a414cd0eb166d1a648b8752b5ca096', 'commit_date': '2020-04-07T20:05:33.000-0400', 'commit_message': ""Merge pull request #4281 in MMX/suite from release/v.1.2020.0408.1 to master | * commit '662d49a16bb901e3524c722d80d3d95bcf6ee36a': (30 commits) |  Testing using threads instead of tasks |  Add js constant script |  Fix issue when change the Language |  Fix small issue |  Fix some issues found by QA |  Fix issues commented by Erik |  DIGUI-15834 Update color to #7d7d7d |  revert change in databases.cs |  Add js constants |  Fix issue in parallel Page viewed calls |  Create new instance of objects instead of updating the same |  add new instance of requestShared object to differenciate them |  Declare var instead of global var for queryObject and executioner |  DIGUI-15599 update for all cultures in english |  DIGUI-15599 update for all cultures |  DIGUI-15599 update the name of Ad Focus media filter |  use delegate for Task |  use delegate for Task into the TaskList |  use delegate for Task |  Parallel task |  ..."", 'repository': 'https://github.com/projects/MMX/repos/suite/browse', 'sub_issue_key': 'DIGUI-15834'}, {'commit_id': '999c9293430a5d40646ed4f229ef6229dcb801c5', 'commit_date': '2020-03-16T10:19:06.000-0400', 'commit_message': 'DIGUI-15834 update size and color', 'repository': 'https://github.com/projects/MMX/repos/suite/browse', 'sub_issue_key': 'DIGUI-15834'}, {'commit_id': '662d49a16bb901e3524c722d80d3d95bcf6ee36a', 'commit_date': '2020-04-06T14:15:04.000-0400', 'commit_message': ""Merge pull request #4267 in MMX/suite from feature/DIGUI-15834 to develop | * commit '7eea40ea2f63b07f088ddeeee37868ac940d7bae': |  DIGUI-15834 Update color to #7d7d7d |  DIGUI-15834 update size and color |  DIGUI-15834 delete a comment |  DIGUI-15834 Update the icon on RF Action button"", 'repository': 'https://github.com/projects/MMX/repos/suite/browse', 'sub_issue_key': 'DIGUI-15834'}, {'commit_id': 'afe9e9af129c7274b797baa1e08772aac6dc2b1b', 'commit_date': '2020-03-12T10:11:38.000-0400', 'commit_message': 'DIGUI-15834 Update the icon on RF Action button', 'repository': 'https://github.com/projects/MMX/repos/suite/browse', 'sub_issue_key': 'DIGUI-15834'}, {'commit_id': '7eea40ea2f63b07f088ddeeee37868ac940d7bae', 'commit_date': '2020-03-27T09:02:47.000-0400', 'commit_message': 'DIGUI-15834 Update color to #7d7d7d', 'repository': 'https://github.com/projects/MMX/repos/suite/browse', 'sub_issue_key': 'DIGUI-15834'}, {'commit_id': 'b0dd3ed09acd121dfc02e563fdc412fa2f5a685e', 'commit_date': '2020-04-06T14:14:18.000-0400', 'commit_message': ""Merge pull request #4275 in MMX/suite from feature/DIGUI-15801 to develop | * commit '8f2cb903be61d7cf3a5de96ecde32474733dbb76': (22 commits) |  Testing using threads instead of tasks |  Add js constant script |  Fix issue when change the Language |  Fix small issue |  Fix some issues found by QA |  Fix issues commented by Erik |  revert change in databases.cs |  Add js constants |  Fix issue in parallel Page viewed calls |  Create new instance of objects instead of updating the same |  add new instance of requestShared object to differenciate them |  Declare var instead of global var for queryObject and executioner |  use delegate for Task |  use delegate for Task into the TaskList |  use delegate for Task |  Parallel task |  Parallel task |  Convert foreach into LINQ expression |  add var definition |  Use Task List to call Page Views in parallel |  ..."", 'repository': 'https://github.com/projects/MMX/repos/suite/browse', 'sub_issue_key': 'DIGUI-15801'}, {'commit_id': 'd10f799c9d4ef23a01c4aed17cfdf1060dcb1861', 'commit_date': '2020-03-30T16:21:54.000-0400', 'commit_message': ""Merge branch 'develop' into feature/DIGUI-15801"", 'repository': 'https://github.com/projects/MMX/repos/suite/browse', 'sub_issue_key': 'DIGUI-15801'}, {'commit_id': 'f6dbd8322f1d113db9990789db22939cbd1642ff', 'commit_date': '2020-03-10T15:29:32.000-0400', 'commit_message': 'DIGUI-15801 Redesign of the MP Buton in MP RF report', 'repository': 'https://github.com/projects/MMX/repos/suite/browse', 'sub_issue_key': 'DIGUI-15801'}, {'commit_id': 'afbd8531e5c89f0c3a99c71a784d69a621b9fa84', 'commit_date': '2020-03-03T14:43:15.000-0500', 'commit_message': 'DIGUI-15756 correction the comments', 'repository': 'https://github.com/projects/MMX/repos/suite/browse', 'sub_issue_key': 'DIGUI-15756'}, {'commit_id': '7a08f04bd2a24b9986866f0d86b28203b13fc729', 'commit_date': '2020-03-03T10:21:08.000-0500', 'commit_message': 'DIGUI-15756 Add validation for parent audience exits', 'repository': 'https://github.com/projects/MMX/repos/suite/browse', 'sub_issue_key': 'DIGUI-15756'}, {'commit_id': '995a3419f64d2bae0901455683bb3d94dbcabe19', 'commit_date': '2020-03-12T14:02:17.000-0400', 'commit_message': 'DIGUI-15756 add a condition on the stored procedure', 'repository': 'https://github.com/projects/MMX/repos/suite/browse', 'sub_issue_key': 'DIGUI-15756'}, {'commit_id': 'd5136ecd7ff50bca5e661d8d3dd66d9d11bf37aa', 'commit_date': '2020-04-07T20:07:45.000-0400', 'commit_message': ""Merge pull request #4262 in MMX/suite from hotfix/DIGUI-15756 to master | * commit 'ea81d670f15fc31946c65fe79e4498251f66e435': |  DIGUI-15756 Fixed issue when select only invalid targets. Fixed doesn't update the count of the selected standard targets on Left Navigation |  DIGUI-15756 add a condition on the stored procedure |  DIGUI-15756 correction the comments |  DIGUI-15756 Add validation for parent audience exits"", 'repository': 'https://github.com/projects/MMX/repos/suite/browse', 'sub_issue_key': 'DIGUI-15756'}, {'commit_id': 'ea81d670f15fc31946c65fe79e4498251f66e435', 'commit_date': '2020-03-13T11:58:27.000-0400', 'commit_message': ""DIGUI-15756 Fixed issue when select only invalid targets. Fixed doesn't update the count of the selected standard targets on Left Navigation"", 'repository': 'https://github.com/projects/MMX/repos/suite/browse', 'sub_issue_key': 'DIGUI-15756'}, {'commit_id': '936a743f4ebf232b09c22bada32c6b4d5fcf86f2', 'commit_date': '2020-04-13T10:19:35.000-0400', 'commit_message': ""Merge pull request #4284 in MMX/suite from master to develop | * commit '05b9a1afad8c7366a4cf8012461b8510558881e9': |  Script cleanup |  DIGUI-15991 add total audience id as a valid category |  DIGUI-15991 add validation for target in column, target in row and base audience when the report is Mobilens |  DIGUI-15756 Fixed issue when select only invalid targets. Fixed doesn't update the count of the selected standard targets on Left Navigation |  DIGUI-15756 add a condition on the stored procedure |  DIGUI-15756 correction the comments |  DIGUI-15756 Add validation for parent audience exits"", 'repository': 'https://github.com/projects/MMX/repos/suite/browse', 'sub_issue_key': 'DIGUI-15756'}, {'commit_id': '5817c1043780f26085fc562bbcf310bd98f65b99', 'commit_date': '2020-03-18T10:28:23.000-0400', 'commit_message': 'DIGUI-15599 update for all cultures in english', 'repository': 'https://github.com/projects/MMX/repos/suite/browse', 'sub_issue_key': 'DIGUI-15599'}, {'commit_id': 'ca838c0f68a414cd0eb166d1a648b8752b5ca096', 'commit_date': '2020-04-07T20:05:33.000-0400', 'commit_message': ""Merge pull request #4281 in MMX/suite from release/v.1.2020.0408.1 to master | * commit '662d49a16bb901e3524c722d80d3d95bcf6ee36a': (30 commits) |  Testing using threads instead of tasks |  Add js constant script |  Fix issue when change the Language |  Fix small issue |  Fix some issues found by QA |  Fix issues commented by Erik |  DIGUI-15834 Update color to #7d7d7d |  revert change in databases.cs |  Add js constants |  Fix issue in parallel Page viewed calls |  Create new instance of objects instead of updating the same |  add new instance of requestShared object to differenciate them |  Declare var instead of global var for queryObject and executioner |  DIGUI-15599 update for all cultures in english |  DIGUI-15599 update for all cultures |  DIGUI-15599 update the name of Ad Focus media filter |  use delegate for Task |  use delegate for Task into the TaskList |  use delegate for Task |  Parallel task |  ..."", 'repository': 'https://github.com/projects/MMX/repos/suite/browse', 'sub_issue_key': 'DIGUI-15599'}, {'commit_id': 'bbf60575a6773c1eb721dc8847bf62db6067d790', 'commit_date': '2020-03-18T09:58:19.000-0400', 'commit_message': 'DIGUI-15599 update for all cultures', 'repository': 'https://github.com/projects/MMX/repos/suite/browse', 'sub_issue_key': 'DIGUI-15599'}, {'commit_id': '134b5f54794e9ea1ea8b99856d74b859535194e6', 'commit_date': '2020-04-06T14:13:41.000-0400', 'commit_message': ""Merge pull request #4273 in MMX/suite from feature/DIGUI-15599 to develop | * commit '5817c1043780f26085fc562bbcf310bd98f65b99': |  DIGUI-15599 update for all cultures in english |  DIGUI-15599 update for all cultures |  DIGUI-15599 update the name of Ad Focus media filter"", 'repository': 'https://github.com/projects/MMX/repos/suite/browse', 'sub_issue_key': 'DIGUI-15599'}, {'commit_id': '893d0261839c19be894400dc6516e4010431c97b', 'commit_date': '2020-03-18T08:58:57.000-0400', 'commit_message': 'DIGUI-15599 update the name of Ad Focus media filter', 'repository': 'https://github.com/projects/MMX/repos/suite/browse', 'sub_issue_key': 'DIGUI-15599'}, {'commit_id': '8719338b96e7c1dfc2de10d54c81a884d3b74c68', 'commit_date': '2020-04-06T14:13:06.000-0400', 'commit_message': ""Merge pull request #4268 in MMX/suite from feature/DIGUI-15551 to develop | * commit 'c43347de21627469814d57066eedb20d49378b7c': |  DIGUI-15551 The media selector doesn't close after selected a category, it remains open"", 'repository': 'https://github.com/projects/MMX/repos/suite/browse', 'sub_issue_key': 'DIGUI-15551'}, {'commit_id': 'c43347de21627469814d57066eedb20d49378b7c', 'commit_date': '2020-03-12T11:42:16.000-0400', 'commit_message': ""DIGUI-15551 The media selector doesn't close after selected a category, it remains open"", 'repository': 'https://github.com/projects/MMX/repos/suite/browse', 'sub_issue_key': 'DIGUI-15551'}]"
DIGUI-16008,Mar 26 2020,"[{'commit_id': '800ca36c45a9c0d2f903c2a5ffa34d2c8d5710fc', 'commit_date': '2020-03-27T09:42:06.000-0400', 'commit_message': ""Merge pull request #4279 in MMX/suite from master to develop | * commit '7f218521b96aaa7855069fd7a99bdae0d72582b6': |  Script cleanup |  PDSP-428 Fix issue with country on profesional |  DIGUI-15888 Add changes from DIGUI-15987 |  DIGUI-15993 add a distinct to differentiate equal subscriptions |  DIGUI-15993 Add a join to the country subscription when dataservice =34 |  DIGUI-15888 remove install version from api page |  Fix API reports that have media attribute filter and have not media attribute start month |  DIGUI-15888 Change to version 4.6.1 as version 4.8 was not supported by install shield |  DIGUI-15888 Updated Web API Application to framework 4.8 |  DIGUI-15888 Updated API Sample Application .net framework to 4.0"", 'repository': 'https://github.com/projects/MMX/repos/suite/browse', 'sub_issue_key': 'DIGUI-15993'}, {'commit_id': 'aade4aa0936f62140be4d77dca4ddd54cdd8a67d', 'commit_date': '2020-03-20T10:51:08.000-0400', 'commit_message': ""Merge pull request #4272 in MMX/suite from hotfix/DIGUI-15993 to master | * commit '48988e24ad0cb40931b2ad7419ccf810ee6e7e03': |  DIGUI-15993 add a distinct to differentiate equal subscriptions |  DIGUI-15993 Add a join to the country subscription when dataservice =34"", 'repository': 'https://github.com/projects/MMX/repos/suite/browse', 'sub_issue_key': 'DIGUI-15993'}, {'commit_id': '48988e24ad0cb40931b2ad7419ccf810ee6e7e03', 'commit_date': '2020-03-18T15:43:10.000-0400', 'commit_message': 'DIGUI-15993 add a distinct to differentiate equal subscriptions', 'repository': 'https://github.com/projects/MMX/repos/suite/browse', 'sub_issue_key': 'DIGUI-15993'}, {'commit_id': '63af718148d287985e912dcabc84bc5a94f40caf', 'commit_date': '2020-03-17T14:19:14.000-0400', 'commit_message': 'DIGUI-15993 Add a join to the country subscription when dataservice =34', 'repository': 'https://github.com/projects/MMX/repos/suite/browse', 'sub_issue_key': 'DIGUI-15993'}, {'commit_id': '800ca36c45a9c0d2f903c2a5ffa34d2c8d5710fc', 'commit_date': '2020-03-27T09:42:06.000-0400', 'commit_message': ""Merge pull request #4279 in MMX/suite from master to develop | * commit '7f218521b96aaa7855069fd7a99bdae0d72582b6': |  Script cleanup |  PDSP-428 Fix issue with country on profesional |  DIGUI-15888 Add changes from DIGUI-15987 |  DIGUI-15993 add a distinct to differentiate equal subscriptions |  DIGUI-15993 Add a join to the country subscription when dataservice =34 |  DIGUI-15888 remove install version from api page |  Fix API reports that have media attribute filter and have not media attribute start month |  DIGUI-15888 Change to version 4.6.1 as version 4.8 was not supported by install shield |  DIGUI-15888 Updated Web API Application to framework 4.8 |  DIGUI-15888 Updated API Sample Application .net framework to 4.0"", 'repository': 'https://github.com/projects/MMX/repos/suite/browse', 'sub_issue_key': 'DIGUI-15987'}, {'commit_id': 'f29bb98554ca6d1e6b0db009d1a535bbacb8dd86', 'commit_date': '2020-03-20T10:50:15.000-0400', 'commit_message': ""Merge pull request #4257 in MMX/suite from hotfix/DIGUI-15888 to master | * commit 'd9424dd3544ef7a44a6cc8ee3b806e3c5d076852': |  DIGUI-15888 Add changes from DIGUI-15987 |  DIGUI-15888 remove install version from api page |  DIGUI-15888 Change to version 4.6.1 as version 4.8 was not supported by install shield |  DIGUI-15888 Updated Web API Application to framework 4.8 |  DIGUI-15888 Updated API Sample Application .net framework to 4.0"", 'repository': 'https://github.com/projects/MMX/repos/suite/browse', 'sub_issue_key': 'DIGUI-15987'}, {'commit_id': 'd9424dd3544ef7a44a6cc8ee3b806e3c5d076852', 'commit_date': '2020-03-19T14:42:25.000-0400', 'commit_message': 'DIGUI-15888 Add changes from DIGUI-15987', 'repository': 'https://github.com/projects/MMX/repos/suite/browse', 'sub_issue_key': 'DIGUI-15987'}, {'commit_id': 'f99fa0720efa29231cd643be3342dfb232e5ef36', 'commit_date': '2020-03-20T10:52:24.000-0400', 'commit_message': ""Merge pull request #4269 in MMX/suite from hotfix/DIGUI-15981 to master | * commit '4f43d846b1177028038612c92aa455fa85fcd00f': |  Fix API reports that have media attribute filter and have not media attribute start month"", 'repository': 'https://github.com/projects/MMX/repos/suite/browse', 'sub_issue_key': 'DIGUI-15981'}, {'commit_id': 'e1ba98a915e86cfb267f4f82489bd9eaf5ae2bbf', 'commit_date': '2020-03-05T15:24:20.000-0500', 'commit_message': 'DIGUI-15913 fixed issue in IE', 'repository': 'https://github.com/projects/MMX/repos/suite/browse', 'sub_issue_key': 'DIGUI-15913'}, {'commit_id': '118f2d2e027f388352737305578d90db81f4e348', 'commit_date': '2020-03-05T08:13:53.000-0500', 'commit_message': 'DIGUI-15913 remove obsolete UI features in PMX UK', 'repository': 'https://github.com/projects/MMX/repos/suite/browse', 'sub_issue_key': 'DIGUI-15913'}, {'commit_id': '80299cce0aa66363b5554dcf6c2e3e9a8bd9f018', 'commit_date': '2020-03-20T10:49:08.000-0400', 'commit_message': ""Merge pull request #4277 in MMX/suite from release/v.1.2020.0326.1 to master | * commit 'ab336e475cef446d72603ceaecc01ac6c39fd7a7': |  DIGUI-15006 Added validation to country_id |  DIGUI-15006 Add UK to cut off negative numbers |  DIGUI-15006 Added validation to country subscription to retrieve package offering |  DIGUI-15913 fixed issue in IE |  DIGUI-15913 change a condition for audience category suggestions |  DIGUI-15913 remove obsolete UI features in PMX UK |  rename .txt file to .sql |  adding brazil id into parameter list |  added a new parameter with the countries id allowed to show AA link |  DIGUI-15735: removing AA Link for MMX MP UK |  DIGUI-15006 Change Tdpplatformid for UK |  DIGUI-15006 Added validation to sample size |  DIGUI-15006 Add UK to Robin Hood logic"", 'repository': 'https://github.com/projects/MMX/repos/suite/browse', 'sub_issue_key': 'DIGUI-15913'}, {'commit_id': 'ab336e475cef446d72603ceaecc01ac6c39fd7a7', 'commit_date': '2020-03-19T13:36:45.000-0400', 'commit_message': ""Merge pull request #4264 in MMX/suite from feature/DIGUI-15913 to develop | * commit '6990002ecaa5bfc11ddc56674633c2ba9a8b7e3e': |  DIGUI-15913 fixed issue in IE |  DIGUI-15913 change a condition for audience category suggestions |  DIGUI-15913 remove obsolete UI features in PMX UK"", 'repository': 'https://github.com/projects/MMX/repos/suite/browse', 'sub_issue_key': 'DIGUI-15913'}, {'commit_id': '845912e228e78086ca16d1f7d91a603278176aa3', 'commit_date': '2020-03-05T08:24:06.000-0500', 'commit_message': 'DIGUI-15913 change a condition for audience category suggestions', 'repository': 'https://github.com/projects/MMX/repos/suite/browse', 'sub_issue_key': 'DIGUI-15913'}, {'commit_id': '25df6d9e1bce865ca2bc35673a031804392df4ce', 'commit_date': '2020-03-16T16:17:08.000-0400', 'commit_message': ""Merge branch 'master' into hotfix/DIGUI-15888"", 'repository': 'https://github.com/projects/MMX/repos/suite/browse', 'sub_issue_key': 'DIGUI-15888'}, {'commit_id': 'd9424dd3544ef7a44a6cc8ee3b806e3c5d076852', 'commit_date': '2020-03-19T14:42:25.000-0400', 'commit_message': 'DIGUI-15888 Add changes from DIGUI-15987', 'repository': 'https://github.com/projects/MMX/repos/suite/browse', 'sub_issue_key': 'DIGUI-15888'}, {'commit_id': '782e911f160892b92bfd7b3ca2f7f547d660f89d', 'commit_date': '2020-03-16T16:14:34.000-0400', 'commit_message': 'DIGUI-15888 remove install version from api page', 'repository': 'https://github.com/projects/MMX/repos/suite/browse', 'sub_issue_key': 'DIGUI-15888'}, {'commit_id': '800ca36c45a9c0d2f903c2a5ffa34d2c8d5710fc', 'commit_date': '2020-03-27T09:42:06.000-0400', 'commit_message': ""Merge pull request #4279 in MMX/suite from master to develop | * commit '7f218521b96aaa7855069fd7a99bdae0d72582b6': |  Script cleanup |  PDSP-428 Fix issue with country on profesional |  DIGUI-15888 Add changes from DIGUI-15987 |  DIGUI-15993 add a distinct to differentiate equal subscriptions |  DIGUI-15993 Add a join to the country subscription when dataservice =34 |  DIGUI-15888 remove install version from api page |  Fix API reports that have media attribute filter and have not media attribute start month |  DIGUI-15888 Change to version 4.6.1 as version 4.8 was not supported by install shield |  DIGUI-15888 Updated Web API Application to framework 4.8 |  DIGUI-15888 Updated API Sample Application .net framework to 4.0"", 'repository': 'https://github.com/projects/MMX/repos/suite/browse', 'sub_issue_key': 'DIGUI-15888'}, {'commit_id': 'f29bb98554ca6d1e6b0db009d1a535bbacb8dd86', 'commit_date': '2020-03-20T10:50:15.000-0400', 'commit_message': ""Merge pull request #4257 in MMX/suite from hotfix/DIGUI-15888 to master | * commit 'd9424dd3544ef7a44a6cc8ee3b806e3c5d076852': |  DIGUI-15888 Add changes from DIGUI-15987 |  DIGUI-15888 remove install version from api page |  DIGUI-15888 Change to version 4.6.1 as version 4.8 was not supported by install shield |  DIGUI-15888 Updated Web API Application to framework 4.8 |  DIGUI-15888 Updated API Sample Application .net framework to 4.0"", 'repository': 'https://github.com/projects/MMX/repos/suite/browse', 'sub_issue_key': 'DIGUI-15888'}, {'commit_id': 'f7d996fbd579bce551896bc55982b05ba3b986ae', 'commit_date': '2020-02-23T13:50:53.000-0500', 'commit_message': 'DIGUI-15888 Updated Web API Application to framework 4.8', 'repository': 'https://github.com/projects/MMX/repos/suite/browse', 'sub_issue_key': 'DIGUI-15888'}, {'commit_id': '7a6b527b81264a3269a423c01f40405863272cc1', 'commit_date': '2020-02-18T10:06:45.000-0500', 'commit_message': 'DIGUI-15888 Updated API Sample Application .net framework to 4.0', 'repository': 'https://github.com/projects/MMX/repos/suite/browse', 'sub_issue_key': 'DIGUI-15888'}, {'commit_id': '0dbb9d95ad195cdc5bee93d25bb78cab8a30a4f7', 'commit_date': '2020-02-19T12:44:10.000-0500', 'commit_message': ""Merge branch 'master' into hotfix/DIGUI-15888"", 'repository': 'https://github.com/projects/MMX/repos/suite/browse', 'sub_issue_key': 'DIGUI-15888'}, {'commit_id': 'de026d3e8e4ebfb201fbf876b6451e8eadc90628', 'commit_date': '2020-02-23T16:19:56.000-0500', 'commit_message': 'DIGUI-15888 Change to version 4.6.1 as version 4.8 was not supported by install shield', 'repository': 'https://github.com/projects/MMX/repos/suite/browse', 'sub_issue_key': 'DIGUI-15888'}, {'commit_id': 'fb878ba89c5868394c39fd4297503239226a3920', 'commit_date': '2020-03-27T10:59:29.000-0400', 'commit_message': ""Merge pull request #107 in DMD/mymetrix from feature/DIGUI-15809 to master | * commit '79a8fe7adccb1a73ad2628ecb39e769c4aa04141': |  DIGUI-15809 - adding the script"", 'repository': 'https://github.com/projects/DMD/repos/mymetrix/browse', 'sub_issue_key': 'DIGUI-15809'}, {'commit_id': '79a8fe7adccb1a73ad2628ecb39e769c4aa04141', 'commit_date': '2020-02-05T12:13:57.000-0500', 'commit_message': 'DIGUI-15809 - adding the script', 'repository': 'https://github.com/projects/DMD/repos/mymetrix/browse', 'sub_issue_key': 'DIGUI-15809'}, {'commit_id': '80299cce0aa66363b5554dcf6c2e3e9a8bd9f018', 'commit_date': '2020-03-20T10:49:08.000-0400', 'commit_message': ""Merge pull request #4277 in MMX/suite from release/v.1.2020.0326.1 to master | * commit 'ab336e475cef446d72603ceaecc01ac6c39fd7a7': |  DIGUI-15006 Added validation to country_id |  DIGUI-15006 Add UK to cut off negative numbers |  DIGUI-15006 Added validation to country subscription to retrieve package offering |  DIGUI-15913 fixed issue in IE |  DIGUI-15913 change a condition for audience category suggestions |  DIGUI-15913 remove obsolete UI features in PMX UK |  rename .txt file to .sql |  adding brazil id into parameter list |  added a new parameter with the countries id allowed to show AA link |  DIGUI-15735: removing AA Link for MMX MP UK |  DIGUI-15006 Change Tdpplatformid for UK |  DIGUI-15006 Added validation to sample size |  DIGUI-15006 Add UK to Robin Hood logic"", 'repository': 'https://github.com/projects/MMX/repos/suite/browse', 'sub_issue_key': 'DIGUI-15735'}, {'commit_id': '9ce90b88f81f0c643f6454df6183e2026db27312', 'commit_date': '2020-03-19T13:00:28.000-0400', 'commit_message': ""Merge pull request #4263 in MMX/suite from feature/DIGUI-15735 to develop | * commit '84e2a79024c099c04bfdc18f6af7ef73197f9527': |  rename .txt file to .sql |  adding brazil id into parameter list |  added a new parameter with the countries id allowed to show AA link |  DIGUI-15735: removing AA Link for MMX MP UK"", 'repository': 'https://github.com/projects/MMX/repos/suite/browse', 'sub_issue_key': 'DIGUI-15735'}, {'commit_id': '2b8c1e8346ec3b95c6213f18340f43f841276eed', 'commit_date': '2020-03-03T13:39:52.000-0500', 'commit_message': 'DIGUI-15735: removing AA Link for MMX MP UK', 'repository': 'https://github.com/projects/MMX/repos/suite/browse', 'sub_issue_key': 'DIGUI-15735'}, {'commit_id': '7f5d272a6d8010b6395d176c66efeada766df7e7', 'commit_date': '2020-02-24T13:52:01.000-0500', 'commit_message': ""Merge branch 'develop' into feature/DIGUI-15006"", 'repository': 'https://github.com/projects/MMX/repos/suite/browse', 'sub_issue_key': 'DIGUI-15006'}, {'commit_id': '86a7133c1eec33963c14a915f30444b4d03b4920', 'commit_date': '2020-03-19T13:00:16.000-0400', 'commit_message': ""Merge pull request #4260 in MMX/suite from feature/DIGUI-15006 to develop | * commit '795ec126dcafa13980100860fad989c675011376': |  DIGUI-15006 Added validation to country_id |  DIGUI-15006 Add UK to cut off negative numbers |  DIGUI-15006 Added validation to country subscription to retrieve package offering |  DIGUI-15006 Change Tdpplatformid for UK |  DIGUI-15006 Added validation to sample size |  DIGUI-15006 Add UK to Robin Hood logic"", 'repository': 'https://github.com/projects/MMX/repos/suite/browse', 'sub_issue_key': 'DIGUI-15006'}, {'commit_id': '631696f2b26083e7155ab2385ba1746c550bd553', 'commit_date': '2020-03-09T11:36:17.000-0400', 'commit_message': 'DIGUI-15006 Added validation to country subscription to retrieve package offering', 'repository': 'https://github.com/projects/MMX/repos/suite/browse', 'sub_issue_key': 'DIGUI-15006'}, {'commit_id': '8f4a02ffb534416a423d529f3e31594cbddf003e', 'commit_date': '2020-02-28T10:49:35.000-0500', 'commit_message': 'DIGUI-15006 Change Tdpplatformid for UK', 'repository': 'https://github.com/projects/MMX/repos/suite/browse', 'sub_issue_key': 'DIGUI-15006'}, {'commit_id': '80299cce0aa66363b5554dcf6c2e3e9a8bd9f018', 'commit_date': '2020-03-20T10:49:08.000-0400', 'commit_message': ""Merge pull request #4277 in MMX/suite from release/v.1.2020.0326.1 to master | * commit 'ab336e475cef446d72603ceaecc01ac6c39fd7a7': |  DIGUI-15006 Added validation to country_id |  DIGUI-15006 Add UK to cut off negative numbers |  DIGUI-15006 Added validation to country subscription to retrieve package offering |  DIGUI-15913 fixed issue in IE |  DIGUI-15913 change a condition for audience category suggestions |  DIGUI-15913 remove obsolete UI features in PMX UK |  rename .txt file to .sql |  adding brazil id into parameter list |  added a new parameter with the countries id allowed to show AA link |  DIGUI-15735: removing AA Link for MMX MP UK |  DIGUI-15006 Change Tdpplatformid for UK |  DIGUI-15006 Added validation to sample size |  DIGUI-15006 Add UK to Robin Hood logic"", 'repository': 'https://github.com/projects/MMX/repos/suite/browse', 'sub_issue_key': 'DIGUI-15006'}, {'commit_id': '586cb4c90ceba2245d7716b1188cd0d455e0c151', 'commit_date': '2020-03-12T09:24:50.000-0400', 'commit_message': ""Merge branch 'develop' into feature/DIGUI-15006"", 'repository': 'https://github.com/projects/MMX/repos/suite/browse', 'sub_issue_key': 'DIGUI-15006'}, {'commit_id': '795ec126dcafa13980100860fad989c675011376', 'commit_date': '2020-03-17T15:45:57.000-0400', 'commit_message': 'DIGUI-15006 Added validation to country_id', 'repository': 'https://github.com/projects/MMX/repos/suite/browse', 'sub_issue_key': 'DIGUI-15006'}, {'commit_id': '9470be487d84b7f7dc0b0863b2c80b6da31288d5', 'commit_date': '2020-03-13T12:30:14.000-0400', 'commit_message': 'DIGUI-15006 Add UK to cut off negative numbers', 'repository': 'https://github.com/projects/MMX/repos/suite/browse', 'sub_issue_key': 'DIGUI-15006'}, {'commit_id': '971cf03032e9094e49d1609068c594833d175f1a', 'commit_date': '2020-01-21T10:50:26.000-0500', 'commit_message': 'DIGUI-15006 Add UK to Robin Hood logic', 'repository': 'https://github.com/projects/MMX/repos/suite/browse', 'sub_issue_key': 'DIGUI-15006'}, {'commit_id': 'dba116737043d9c2945f6b3484c840fa2d865478', 'commit_date': '2020-02-24T14:48:56.000-0500', 'commit_message': 'DIGUI-15006 Added validation to sample size', 'repository': 'https://github.com/projects/MMX/repos/suite/browse', 'sub_issue_key': 'DIGUI-15006'}, {'commit_id': 'c1b4286966dc985104ce41f203f6ebab42b6831c', 'commit_date': '2020-03-27T10:59:07.000-0400', 'commit_message': 'Merge pull request #118 in DMD/mymetrix from feature/DIGUI-15006 to master | * commit \'87e55c228d0f26305aa1ebe610a75047381b6ea9\': |  DIGUI-15823: Fix for ""BR Clients unable to access targets"" |  Introducing changes into pmx mobile to use the mp dictionary handoff |  Adding UK to mobile metrix load |  Removing slq_reg for UK in mobile |  removing SQL_Reg for UK |  Adding offering type id and platform indicator for UK |  Adding the rows into demographics , threshold and hippo_country |  Adding the case for UK in PMX Fusion |  Adding UK to BuildDataPMXMPSQL task |  Adding handoff country id for UK |  Adding queries for UI and packages |  Adding the changes for UK in the package', 'repository': 'https://github.com/projects/DMD/repos/mymetrix/browse', 'sub_issue_key': 'DIGUI-15006'}]"
DIGUI-15941,Mar 10 2020,"[{'commit_id': 'cefbbb8bced05ec09ecb448352e237f4f6ea13e1', 'commit_date': '2020-03-12T09:33:28.000-0400', 'commit_message': ""Merge pull request #112 in DMD/mymetrix from DIGUI-15841 to master | * commit 'bfed79c29e66f128b19687dd4625c03a6e872dd8': |  Scripts to associate the entitiy grouping to the requested reports and enable the media attribute filter"", 'repository': 'https://github.com/projects/DMD/repos/mymetrix/browse', 'sub_issue_key': 'DIGUI-15841'}, {'commit_id': 'b052577168383a2d4142bdab49e5d148f75da78d', 'commit_date': '2020-03-04T12:15:27.000-0500', 'commit_message': ""Merge pull request #4261 in MMX/suite from feature/DIGUI-15602 to master | * commit 'f1dd1e02fb95bf9cec90b4008e900c02dc01fe9f': |  cleaning some unnecesaries console log statements |  cleaning the code |  final changes on ticket"", 'repository': 'https://github.com/projects/MMX/repos/suite/browse', 'sub_issue_key': 'DIGUI-15602'}]"
